1488094315809, r1 1, r3 1, r2 1, r5 2, r4 1, r7 1, r6 1
1488094316833, r1 1, r3 1, r2 1, r5 2, r4 1, r7 1, r6 1
1488094317852, r1 1, r3 1, r2 1, r5 2, r4 1, r7 1, r6 1
1488094318872, r1 1, r3 1, r2 1, r5 2, r4 1, r7 1, r6 1
1488094319892, r1 1, r3 1, r2 1, r5 2, r4 1, r7 1, r6 1
1488094320918, r1 1, r3 1, r2 1, r5 2, r4 1, r7 1, r6 1
1488094321944, r1 1, r3 1, r2 1, r5 2, r4 1, r7 1, r6 1
1488094322965, r1 1, r3 1, r2 1, r5 2, r4 1, r7 1, r6 1
1488094323985, r1 1, r3 1, r2 1, r5 2, r4 1, r7 1, r6 1
1488094325005, r1 1, r3 1, r2 1, r5 2, r4 1, r7 1, r6 1
1488094326025, r1 1, r3 1, r2 1, r5 2, r4 1, r7 1, r6 1
1488094327044, r1 1, r3 1, r2 1, r5 2, r4 1, r7 1, r6 1
1488094328064, r1 1, r3 1, r2 1, r5 2, r4 1, r7 1, r6 1
1488094329085, r1 1, r3 1, r2 1, r5 2, r4 1, r7 1, r6 1
1488094330109, r1 1, r3 1, r2 1, r5 2, r4 1, r7 1, r6 1
1488094331136, r1 1, r3 1, r2 1, r5 2, r4 1, r7 1, r6 1
1488094332159, r1 1, r3 1, r2 1, r5 2, r4 1, r7 1, r6 1
1488094333179, r1 1, r3 1, r2 1, r5 2, r4 1, r7 1, r6 1
1488094334198, r1 1, r3 1, r2 1, r5 2, r4 1, r7 1, r6 1
1488094335220, r1 1, r3 1, r2 1, r5 2, r4 1, r7 1, r6 1
1488094336247, r1 1, r3 1, r2 1, r5 2, r4 1, r7 1, r6 1
1488094337271, r1 1, r3 1, r2 1, r5 2, r4 1, r7 1, r6 1
1488094338290, r1 1, r3 1, r2 1, r5 2, r4 1, r7 1, r6 1
1488094339310, r1 1, r3 1, r2 1, r5 2, r4 1, r7 1, r6 1
1488094340330, r1 1, r3 1, r2 1, r5 2, r4 1, r7 1, r6 1
1488094341353, r1 1, r3 1, r2 1, r5 2, r4 1, r7 1, r6 1
1488094342380, r1 1, r3 1, r2 1, r5 2, r4 1, r7 1, r6 1
1488094343407, r1 1, r3 1, r2 1, r5 2, r4 1, r7 1, r6 1
1488094344434, r1 1, r3 1, r2 1, r5 2, r4 1, r7 1, r6 1
1488094345460, r1 1, r3 1, r2 1, r5 2, r4 1, r7 1, r6 1
1488094346482, r1 1, r3 1, r2 1, r5 2, r4 1, r7 1, r6 1
1488094347504, r1 1, r3 1, r2 1, r5 2, r4 1, r7 1, r6 1
1488094348524, r1 1, r3 1, r2 1, r5 2, r4 1, r7 1, r6 1
1488094349544, r1 1, r3 1, r2 1, r5 2, r4 1, r7 1, r6 1
1488094350565, r1 1, r3 1, r2 1, r5 2, r4 1, r7 1, r6 1
1488094351585, r1 1, r3 1, r2 1, r5 2, r4 1, r7 1, r6 1
1488094352605, r1 1, r3 1, r2 1, r5 2, r4 1, r7 1, r6 1
1488094353625, r1 1, r3 1, r2 1, r5 2, r4 1, r7 1, r6 1
1488094354649, r1 1, r3 1, r2 1, r5 2, r4 1, r7 1, r6 1
1488094355674, r1 1, r3 1, r2 1, r5 2, r4 1, r7 1, r6 1
1488094356697, r1 1, r3 1, r2 1, r5 2, r4 1, r7 1, r6 1
1488094357720, r1 1, r3 1, r2 1, r5 2, r4 1, r7 1, r6 1
1488094358739, r1 1, r3 1, r2 1, r5 2, r4 1, r7 1, r6 1
1488094359758, r1 1, r3 1, r2 1, r5 2, r4 1, r7 1, r6 1
1488094360778, r1 1, r3 1, r2 1, r5 2, r4 1, r7 1, r6 1
1488094361798, r1 1, r3 1, r2 1, r5 2, r4 1, r7 1, r6 1
1488094362818, r1 1, r3 1, r2 1, r5 2, r4 1, r7 1, r6 1
1488094363837, r1 1, r3 1, r2 1, r5 2, r4 1, r7 1, r6 1
1488094364857, r1 1, r3 1, r2 1, r5 2, r4 1, r7 1, r6 1
1488094365877, r1 1, r3 1, r2 1, r5 2, r4 1, r7 1, r6 1
1488094366898, r1 1, r3 1, r2 1, r5 2, r4 1, r7 1, r6 1
1488094367917, r1 1, r3 1, r2 1, r5 2, r4 1, r7 1, r6 1
1488094368937, r1 1, r3 1, r2 1, r5 2, r4 1, r7 1, r6 1
1488094369959, r1 1, r3 1, r2 1, r5 2, r4 1, r7 1, r6 1
1488094370980, r1 1, r3 1, r2 1, r5 2, r4 1, r7 1, r6 1
1488094372000, r1 1, r3 1, r2 1, r5 2, r4 1, r7 1, r6 1
1488094373019, r1 1, r3 1, r2 1, r5 2, r4 1, r7 1, r6 1
1488094374038, r1 1, r3 1, r2 1, r5 2, r4 1, r7 1, r6 1
1488094375058, r1 1, r3 1, r2 1, r5 2, r4 1, r7 1, r6 1
1488094376079, r1 1, r3 1, r2 1, r5 2, r4 1, r7 1, r6 1
1488094377100, r1 1, r3 1, r2 1, r5 2, r4 1, r7 1, r6 1
1488094378122, r1 1, r3 1, r2 1, r5 2, r4 1, r7 1, r6 1
1488094379143, r1 1, r3 1, r2 1, r5 2, r4 1, r7 1, r6 1
1488094380163, r1 1, r3 1, r2 1, r5 2, r4 1, r7 1, r6 1
1488094381186, r1 1, r3 1, r2 1, r5 2, r4 1, r7 1, r6 1
1488094382208, r1 1, r3 1, r2 1, r5 2, r4 1, r7 1, r6 1
1488094383232, r1 1, r3 1, r2 1, r5 2, r4 1, r7 1, r6 1
1488094384256, r1 1, r3 1, r2 1, r5 2, r4 1, r7 1, r6 1
1488094385280, r1 1, r3 1, r2 1, r5 2, r4 1, r7 1, r6 1
1488094386302, r1 1, r3 1, r2 1, r5 2, r4 1, r7 1, r6 1
1488094387322, r1 1, r3 1, r2 1, r5 2, r4 1, r7 1, r6 1
1488094388341, r1 1, r3 1, r2 1, r5 2, r4 1, r7 1, r6 1
1488094389361, r1 1, r3 1, r2 1, r5 2, r4 1, r7 1, r6 1
1488094390383, r1 1, r3 1, r2 1, r5 2, r4 1, r7 1, r6 1
1488094391403, r1 1, r3 1, r2 1, r5 2, r4 1, r7 1, r6 1
1488094392424, r1 1, r3 1, r2 1, r5 2, r4 1, r7 1, r6 1
1488094393444, r1 1, r3 1, r2 1, r5 2, r4 1, r7 1, r6 1
1488094394462, r1 1, r3 1, r2 1, r5 2, r4 1, r7 1, r6 1
1488094395482, r1 1, r3 1, r2 1, r5 2, r4 1, r7 1, r6 1
1488094396503, r1 1, r3 1, r2 1, r5 2, r4 1, r7 1, r6 1
1488094397525, r1 1, r3 1, r2 1, r5 2, r4 1, r7 1, r6 1
1488094398546, r1 1, r3 1, r2 1, r5 2, r4 1, r7 1, r6 1
1488094399564, r1 1, r3 1, r2 1, r5 2, r4 1, r7 1, r6 1
1488094400587, r1 1, r3 1, r2 1, r5 2, r4 1, r7 1, r6 1
1488094401611, r1 1, r3 1, r2 1, r5 2, r4 1, r7 1, r6 1
1488094402632, r1 1, r3 1, r2 1, r5 2, r4 1, r7 1, r6 1
1488094403653, r1 1, r3 1, r2 1, r5 2, r4 1, r7 1, r6 1
1488094404674, r1 1, r3 1, r2 1, r5 2, r4 1, r7 1, r6 1
1488094405694, r1 1, r3 1, r2 1, r5 2, r4 1, r7 1, r6 1
1488094406713, r1 1, r3 1, r2 1, r5 2, r4 1, r7 1, r6 1
1488094407736, r1 1, r3 1, r2 1, r5 2, r4 1, r7 1, r6 1
1488094408761, r1 1, r3 1, r2 1, r5 2, r4 1, r7 1, r6 1
1488094409785, r1 1, r3 1, r2 1, r5 2, r4 1, r7 1, r6 1
1488094410808, r1 1, r3 1, r2 1, r5 2, r4 1, r7 1, r6 1
1488094411829, r1 1, r3 1, r2 1, r5 2, r4 1, r7 1, r6 1
1488094412849, r1 1, r3 1, r2 1, r5 2, r4 1, r7 1, r6 1
1488094413868, r1 1, r3 1, r2 1, r5 2, r4 1, r7 1, r6 1
1488094414887, r1 1, r3 1, r2 1, r5 2, r4 1, r7 1, r6 1
1488094415909, r1 1, r3 1, r2 1, r5 2, r4 1, r7 1, r6 1
1488094416933, r1 1, r3 1, r2 1, r5 2, r4 1, r7 1, r6 1
1488094417956, r1 1, r3 1, r2 1, r5 2, r4 1, r7 1, r6 1
1488094418977, r1 1, r3 1, r2 1, r5 2, r4 1, r7 1, r6 1
1488094419999, r1 1, r3 1, r2 1, r5 2, r4 1, r7 1, r6 1
1488094421019, r1 1, r3 1, r2 1, r5 2, r4 1, r7 1, r6 1
1488094422038, r1 1, r3 1, r2 1, r5 2, r4 1, r7 1, r6 1
1488094423058, r1 1, r3 1, r2 1, r5 2, r4 1, r7 1, r6 1
1488094424077, r1 1, r3 1, r2 1, r5 2, r4 1, r7 1, r6 1
1488094425099, r1 1, r3 1, r2 1, r5 2, r4 1, r7 1, r6 1
1488094426124, r1 1, r3 1, r2 1, r5 2, r4 1, r7 1, r6 1
1488094427147, r1 1, r3 1, r2 1, r5 2, r4 1, r7 1, r6 1
1488094428169, r1 1, r3 1, r2 1, r5 2, r4 1, r7 1, r6 1
1488094429190, r1 1, r3 1, r2 1, r5 2, r4 1, r7 1, r6 1
1488094430210, r1 1, r3 1, r2 1, r5 2, r4 1, r7 1, r6 1
1488094431230, r1 1, r3 1, r2 1, r5 2, r4 1, r7 1, r6 1
1488094432250, r1 1, r3 1, r2 1, r5 2, r4 1, r7 1, r6 1
1488094433270, r1 1, r3 1, r2 1, r5 2, r4 1, r7 1, r6 1
1488094434289, r1 1, r3 1, r2 1, r5 2, r4 1, r7 1, r6 1
1488094435309, r1 1, r3 1, r2 1, r5 2, r4 1, r7 1, r6 1
1488094436330, r1 1, r3 1, r2 1, r5 2, r4 1, r7 1, r6 1
1488094437351, r1 1, r3 1, r2 1, r5 2, r4 1, r7 1, r6 1
1488094438371, r1 1, r3 1, r2 1, r5 2, r4 1, r7 1, r6 1
1488094439394, r1 1, r3 1, r2 1, r5 2, r4 1, r7 1, r6 1
1488094440418, r1 1, r3 1, r2 1, r5 2, r4 1, r7 1, r6 1
1488094441442, r1 1, r3 1, r2 1, r5 2, r4 1, r7 1, r6 1
1488094442464, r1 1, r3 1, r2 1, r5 2, r4 1, r7 1, r6 1
1488094443484, r1 1, r3 1, r2 1, r5 2, r4 1, r7 1, r6 1
1488094444502, r1 1, r3 1, r2 1, r5 2, r4 1, r7 1, r6 1
1488094445522, r1 1, r3 1, r2 1, r5 2, r4 1, r7 1, r6 1
1488094446543, r1 1, r3 1, r2 1, r5 2, r4 1, r7 1, r6 1
1488094447562, r1 1, r3 1, r2 1, r5 2, r4 1, r7 1, r6 1
1488094448581, r1 1, r3 1, r2 1, r5 2, r4 1, r7 1, r6 1
1488094449603, r1 1, r3 1, r2 1, r5 2, r4 1, r7 1, r6 1
1488094450624, r1 1, r3 1, r2 1, r5 2, r4 1, r7 1, r6 1
1488094451643, r1 1, r3 1, r2 1, r5 2, r4 1, r7 1, r6 1
1488094452662, r1 1, r3 1, r2 1, r5 2, r4 1, r7 1, r6 1
1488094453681, r1 1, r3 1, r2 1, r5 2, r4 1, r7 1, r6 1
1488094454701, r1 1, r3 1, r2 1, r5 2, r4 1, r7 1, r6 1
1488094455722, r1 1, r3 1, r2 1, r5 2, r4 1, r7 1, r6 1
1488094456742, r1 1, r3 1, r2 1, r5 2, r4 1, r7 1, r6 1
1488094457761, r1 1, r3 1, r2 1, r5 2, r4 1, r7 1, r6 1
1488094458781, r1 1, r3 1, r2 1, r5 2, r4 1, r7 1, r6 1
1488094459801, r1 1, r3 1, r2 1, r5 2, r4 1, r7 1, r6 1
1488094460821, r1 1, r3 1, r2 1, r5 2, r4 1, r7 1, r6 1
1488094461843, r1 1, r3 1, r2 1, r5 2, r4 1, r7 1, r6 1
1488094462866, r1 1, r3 1, r2 1, r5 2, r4 1, r7 1, r6 1
1488094463888, r1 1, r3 1, r2 1, r5 2, r4 1, r7 1, r6 1
1488094464910, r1 1, r3 1, r2 1, r5 2, r4 1, r7 1, r6 1
1488094465934, r1 1, r3 1, r2 1, r5 2, r4 1, r7 1, r6 1
1488094466956, r1 1, r3 1, r2 1, r5 2, r4 1, r7 1, r6 1
1488094467974, r1 1, r3 1, r2 1, r5 2, r4 1, r7 1, r6 1
1488094468995, r1 1, r3 1, r2 1, r5 2, r4 1, r7 1, r6 1
1488094470016, r1 1, r3 1, r2 1, r5 2, r4 1, r7 1, r6 1
1488094471035, r1 1, r3 1, r2 1, r5 2, r4 1, r7 1, r6 1
1488094472054, r1 1, r3 1, r2 1, r5 2, r4 1, r7 1, r6 1
1488094473074, r1 1, r3 1, r2 1, r5 2, r4 1, r7 1, r6 1
1488094474093, r1 1, r3 1, r2 1, r5 2, r4 1, r7 1, r6 1
1488094475116, r1 1, r3 1, r2 1, r5 2, r4 1, r7 1, r6 1
1488094476137, r1 1, r3 1, r2 1, r5 2, r4 1, r7 1, r6 1
1488094477156, r1 1, r3 1, r2 1, r5 2, r4 1, r7 1, r6 1
1488094478175, r1 1, r3 1, r2 1, r5 2, r4 1, r7 1, r6 1
1488094479195, r1 1, r3 1, r2 1, r5 2, r4 1, r7 1, r6 1
1488094480214, r1 1, r3 1, r2 1, r5 2, r4 1, r7 1, r6 1
1488094481234, r1 1, r3 1, r2 1, r5 2, r4 1, r7 1, r6 1
1488094482254, r1 1, r3 1, r2 1, r5 2, r4 1, r7 1, r6 1
1488094483274, r1 1, r3 1, r2 1, r5 2, r4 1, r7 1, r6 1
1488094484295, r1 1, r3 1, r2 1, r5 2, r4 1, r7 1, r6 1
1488094485320, r1 1, r3 1, r2 1, r5 2, r4 1, r7 1, r6 1
1488094486343, r1 1, r3 1, r2 1, r5 2, r4 1, r7 1, r6 1
1488094487364, r1 1, r3 1, r2 1, r5 2, r4 1, r7 1, r6 1
1488094488385, r1 1, r3 1, r2 1, r5 2, r4 1, r7 1, r6 1
1488094489405, r1 1, r3 1, r2 1, r5 2, r4 1, r7 1, r6 1
1488094490426, r1 1, r3 1, r2 1, r5 2, r4 1, r7 1, r6 1
1488094491446, r1 1, r3 1, r2 1, r5 2, r4 1, r7 1, r6 1
1488094492468, r1 1, r3 1, r2 1, r5 2, r4 1, r7 1, r6 1
1488094493489, r1 1, r3 1, r2 1, r5 2, r4 1, r7 1, r6 1
1488094494512, r1 1, r3 1, r2 1, r5 2, r4 1, r7 1, r6 1
1488094495536, r1 1, r3 1, r2 1, r5 2, r4 1, r7 1, r6 1
1488094496559, r1 1, r3 1, r2 1, r5 2, r4 1, r7 1, r6 1
1488094497580, r1 1, r3 1, r2 1, r5 2, r4 1, r7 1, r6 1
1488094498598, r1 1, r3 1, r2 1, r5 2, r4 1, r7 1, r6 1
1488094499618, r1 1, r3 1, r2 1, r5 2, r4 1, r7 1, r6 1
1488094500638, r1 1, r3 1, r2 1, r5 2, r4 1, r7 1, r6 1
1488094501658, r1 1, r3 1, r2 1, r5 2, r4 1, r7 1, r6 1
1488094502678, r1 1, r3 1, r2 1, r5 2, r4 1, r7 1, r6 1
1488094503698, r1 1, r3 1, r2 1, r5 2, r4 1, r7 1, r6 1
1488094504717, r1 1, r3 1, r2 1, r5 2, r4 1, r7 1, r6 1
1488094505738, r1 1, r3 1, r2 1, r5 2, r4 1, r7 1, r6 1
1488094506758, r1 1, r3 1, r2 1, r5 2, r4 1, r7 1, r6 1
1488094507777, r1 1, r3 1, r2 1, r5 2, r4 1, r7 1, r6 1
1488094508797, r1 1, r3 1, r2 1, r5 2, r4 1, r7 1, r6 1
1488094509819, r1 1, r3 1, r2 1, r5 2, r4 1, r7 1, r6 1
1488094510839, r1 1, r3 1, r2 1, r5 2, r4 1, r7 1, r6 1
1488094511860, r1 1, r3 1, r2 1, r5 2, r4 1, r7 1, r6 1
1488094512883, r1 1, r3 1, r2 1, r5 2, r4 1, r7 1, r6 1
1488094513905, r1 1, r3 1, r2 1, r5 2, r4 1, r7 1, r6 1
1488094514928, r1 1, r3 1, r2 1, r5 2, r4 1, r7 1, r6 1
1488094515950, r1 1, r3 1, r2 1, r5 2, r4 1, r7 1, r6 1
1488094516971, r1 1, r3 1, r2 1, r5 2, r4 1, r7 1, r6 1
1488094517991, r1 1, r3 1, r2 1, r5 2, r4 1, r7 1, r6 1
1488094519011, r1 1, r3 1, r2 1, r5 2, r4 1, r7 1, r6 1
1488094520031, r1 1, r3 1, r2 1, r5 2, r4 1, r7 1, r6 1
1488094521048, r1 1, r3 1, r2 1, r5 2, r4 1, r7 1, r6 1
1488094522067, r1 1, r3 1, r2 1, r5 2, r4 1, r7 1, r6 1
1488094523088, r1 1, r3 1, r2 1, r5 2, r4 1, r7 1, r6 1
1488094524109, r1 1, r3 1, r2 1, r5 2, r4 1, r7 1, r6 1
1488094525131, r1 1, r3 1, r2 1, r5 2, r4 1, r7 1, r6 1
1488094526152, r1 1, r3 1, r2 1, r5 2, r4 1, r7 1, r6 1
1488094527169, r1 1, r3 1, r2 1, r5 2, r4 1, r7 1, r6 1
1488094528188, r1 1, r3 1, r2 1, r5 2, r4 1, r7 1, r6 1
1488094529208, r1 1, r3 1, r2 1, r5 2, r4 1, r7 1, r6 1
1488094530229, r1 1, r3 1, r2 1, r5 2, r4 1, r7 1, r6 1
1488094531250, r1 1, r3 1, r2 1, r5 2, r4 1, r7 1, r6 1
1488094532270, r1 1, r3 1, r2 1, r5 2, r4 1, r7 1, r6 1
1488094533290, r1 1, r3 1, r2 1, r5 2, r4 1, r7 1, r6 1
1488094534310, r1 1, r3 1, r2 1, r5 2, r4 1, r7 1, r6 1
1488094535330, r1 1, r3 1, r2 1, r5 2, r4 1, r7 1, r6 1
1488094536350, r1 1, r3 1, r2 1, r5 2, r4 1, r7 1, r6 1
1488094537372, r1 1, r3 1, r2 1, r5 2, r4 1, r7 1, r6 1
1488094538392, r1 1, r3 1, r2 1, r5 2, r4 1, r7 1, r6 1
1488094539415, r1 1, r3 1, r2 1, r5 2, r4 1, r7 1, r6 1
1488094540439, r1 1, r3 1, r2 1, r5 2, r4 1, r7 1, r6 1
1488094541461, r1 1, r3 1, r2 1, r5 2, r4 1, r7 1, r6 1
1488094542481, r1 1, r3 1, r2 1, r5 2, r4 1, r7 1, r6 1
1488094543504, r1 1, r3 1, r2 1, r5 2, r4 1, r7 1, r6 1
1488094544525, r1 1, r3 1, r2 1, r5 2, r4 1, r7 1, r6 1
1488094545542, r1 1, r3 1, r2 1, r5 2, r4 1, r7 1, r6 1
1488094546565, r1 1, r3 1, r2 1, r5 2, r4 1, r7 1, r6 1
1488094547586, r1 1, r3 1, r2 1, r5 2, r4 1, r7 1, r6 1
1488094548605, r1 1, r3 1, r2 1, r5 2, r4 1, r7 1, r6 1
1488094549624, r1 1, r3 1, r2 1, r5 2, r4 1, r7 1, r6 1
1488094550643, r1 1, r3 1, r2 1, r5 2, r4 1, r7 1, r6 1
1488094551661, r1 1, r3 1, r2 1, r5 2, r4 1, r7 1, r6 1
1488094552682, r1 1, r3 1, r2 1, r5 2, r4 1, r7 1, r6 1
1488094553703, r1 1, r3 1, r2 1, r5 2, r4 1, r7 1, r6 1
1488094554721, r1 1, r3 1, r2 1, r5 2, r4 1, r7 1, r6 1
1488094555740, r1 1, r3 1, r2 1, r5 2, r4 1, r7 1, r6 1
1488094556763, r1 1, r3 1, r2 1, r5 2, r4 1, r7 1, r6 1
1488094557787, r1 1, r3 1, r2 1, r5 2, r4 1, r7 1, r6 1
1488094558805, r1 1, r3 1, r2 1, r5 2, r4 1, r7 1, r6 1
1488094559822, r1 1, r3 1, r2 1, r5 2, r4 1, r7 1, r6 1
1488094560845, r1 1, r3 1, r2 1, r5 2, r4 1, r7 1, r6 1
1488094561869, r1 1, r3 1, r2 1, r5 2, r4 1, r7 1, r6 1
1488094562888, r1 1, r3 1, r2 1, r5 2, r4 1, r7 1, r6 1
1488094563907, r1 1, r3 1, r2 1, r5 2, r4 1, r7 1, r6 1
1488094564926, r1 1, r3 1, r2 1, r5 2, r4 1, r7 1, r6 1
1488094565949, r1 1, r3 1, r2 1, r5 2, r4 1, r7 1, r6 1
1488094566973, r1 1, r3 1, r2 1, r5 2, r4 1, r7 1, r6 1
1488094567992, r1 1, r3 1, r2 1, r5 2, r4 1, r7 1, r6 1
1488094569011, r1 1, r3 1, r2 1, r5 2, r4 1, r7 1, r6 1
1488094570031, r1 1, r3 1, r2 1, r5 2, r4 1, r7 1, r6 1
1488094571052, r1 1, r3 1, r2 1, r5 2, r4 1, r7 1, r6 1
1488094572074, r1 1, r3 1, r2 1, r5 2, r4 1, r7 1, r6 1
1488094573091, r1 1, r3 1, r2 1, r5 2, r4 1, r7 1, r6 1
1488094574110, r1 1, r3 1, r2 1, r5 2, r4 1, r7 1, r6 1
1488094575132, r1 1, r3 1, r2 1, r5 2, r4 1, r7 1, r6 1
1488094576153, r1 1, r3 1, r2 1, r5 2, r4 1, r7 1, r6 1
1488094577173, r1 1, r3 1, r2 1, r5 2, r4 1, r7 1, r6 1
1488094578195, r1 1, r3 1, r2 1, r5 2, r4 1, r7 1, r6 1
1488094579216, r1 1, r3 1, r2 1, r5 2, r4 1, r7 1, r6 1
1488094580233, r1 1, r3 1, r2 1, r5 2, r4 1, r7 1, r6 1
1488094581252, r1 1, r3 1, r2 1, r5 2, r4 1, r7 1, r6 1
1488094582273, r1 1, r3 1, r2 1, r5 2, r4 1, r7 1, r6 1
1488094583293, r1 1, r3 1, r2 1, r5 2, r4 1, r7 1, r6 1
1488094584313, r1 1, r3 1, r2 1, r5 2, r4 1, r7 1, r6 1
1488094585333, r1 1, r3 1, r2 1, r5 2, r4 1, r7 1, r6 1
1488094586352, r1 1, r3 1, r2 1, r5 2, r4 1, r7 1, r6 1
1488094587377, r1 1, r3 1, r2 1, r5 2, r4 1, r7 1, r6 1
1488094588404, r1 1, r3 1, r2 1, r5 2, r4 1, r7 1, r6 1
1488094589429, r1 1, r3 1, r2 1, r5 2, r4 1, r7 1, r6 1
1488094590449, r1 1, r3 1, r2 1, r5 2, r4 1, r7 1, r6 1
1488094591473, r1 1, r3 1, r2 1, r5 2, r4 1, r7 1, r6 1
1488094592503, r1 1, r3 1, r2 1, r5 2, r4 1, r7 1, r6 1
1488094593527, r1 1, r3 1, r2 1, r5 2, r4 1, r7 1, r6 1
1488094594545, r1 1, r3 1, r2 1, r5 2, r4 1, r7 1, r6 1
1488094595563, r1 1, r3 1, r2 1, r5 2, r4 1, r7 1, r6 1
1488094596583, r1 1, r3 1, r2 1, r5 2, r4 1, r7 1, r6 1
1488094597604, r1 1, r3 1, r2 1, r5 2, r4 1, r7 1, r6 1
1488094598623, r1 1, r3 1, r2 1, r5 2, r4 1, r7 1, r6 1
1488094599644, r1 1, r3 1, r2 1, r5 2, r4 1, r7 1, r6 1
1488094600667, r1 1, r3 1, r2 1, r5 2, r4 1, r7 1, r6 1
1488094601689, r1 1, r3 1, r2 1, r5 2, r4 1, r7 1, r6 1
1488094602713, r1 1, r3 1, r2 1, r5 2, r4 1, r7 1, r6 1
1488094603738, r1 1, r3 1, r2 1, r5 2, r4 1, r7 1, r6 1
1488094604760, r1 1, r3 1, r2 1, r5 2, r4 1, r7 1, r6 1
1488094605781, r1 1, r3 1, r2 1, r5 2, r4 1, r7 1, r6 1
1488094606800, r1 1, r3 1, r2 1, r5 2, r4 1, r7 1, r6 1
1488094607820, r1 1, r3 1, r2 1, r5 2, r4 1, r7 1, r6 1
1488094608838, r1 1, r3 1, r2 1, r5 2, r4 1, r7 1, r6 1
1488094609861, r1 1, r3 1, r2 1, r5 2, r4 1, r7 1, r6 1
1488094610888, r1 1, r3 1, r2 1, r5 2, r4 1, r7 1, r6 1
1488094611911, r1 1, r3 1, r2 1, r5 2, r4 1, r7 1, r6 1
1488094612932, r1 1, r3 1, r2 1, r5 2, r4 1, r7 1, r6 1
1488094613952, r1 1, r3 1, r2 1, r5 2, r4 1, r7 1, r6 1
1488094614972, r1 1, r3 1, r2 1, r5 2, r4 1, r7 1, r6 1
1488094615993, r1 1, r3 1, r2 1, r5 2, r4 1, r7 1, r6 1
1488094617013, r1 1, r3 1, r2 1, r5 2, r4 1, r7 1, r6 1
1488094618034, r1 1, r3 1, r2 1, r5 2, r4 1, r7 1, r6 1
1488094619055, r1 1, r3 1, r2 1, r5 2, r4 1, r7 1, r6 1
1488094620073, r1 1, r3 1, r2 1, r5 2, r4 1, r7 1, r6 1
1488094621095, r1 1, r3 1, r2 1, r5 2, r4 1, r7 1, r6 1
1488094622123, r1 1, r3 1, r2 1, r5 2, r4 1, r7 1, r6 1
1488094623153, r1 1, r3 1, r2 1, r5 2, r4 1, r7 1, r6 1
1488094624183, r1 1, r3 1, r2 1, r5 2, r4 1, r7 1, r6 1
1488094625204, r1 1, r3 1, r2 1, r5 2, r4 1, r7 1, r6 1
1488094626222, r1 1, r3 1, r2 1, r5 2, r4 1, r7 1, r6 1
1488094627241, r1 1, r3 1, r2 1, r5 2, r4 1, r7 1, r6 1
1488094628262, r1 1, r3 1, r2 1, r5 2, r4 1, r7 1, r6 1
1488094629284, r1 1, r3 1, r2 1, r5 2, r4 1, r7 1, r6 1
1488094630307, r1 1, r3 1, r2 1, r5 2, r4 1, r7 1, r6 1
1488094631329, r1 1, r3 1, r2 1, r5 2, r4 1, r7 1, r6 1
1488094632349, r1 1, r3 1, r2 1, r5 2, r4 1, r7 1, r6 1
1488094633366, r1 1, r3 1, r2 1, r5 2, r4 1, r7 1, r6 1
1488094634385, r1 1, r3 1, r2 1, r5 2, r4 1, r7 1, r6 1
1488094635406, r1 1, r3 1, r2 1, r5 2, r4 1, r7 1, r6 1
1488094636428, r1 1, r3 1, r2 1, r5 2, r4 1, r7 1, r6 1
1488094637450, r1 1, r3 1, r2 1, r5 2, r4 1, r7 1, r6 1
1488094638467, r1 1, r3 1, r2 1, r5 2, r4 1, r7 1, r6 1
1488094639484, r1 1, r3 1, r2 1, r5 2, r4 1, r7 1, r6 1
1488094640503, r1 1, r3 1, r2 1, r5 2, r4 1, r7 1, r6 1
1488094641526, r1 1, r3 1, r2 1, r5 2, r4 1, r7 1, r6 1
1488094642547, r1 1, r3 1, r2 1, r5 2, r4 1, r7 1, r6 1
1488094643568, r1 1, r3 1, r2 1, r5 2, r4 1, r7 1, r6 1
1488094644589, r1 1, r3 1, r2 1, r5 2, r4 1, r7 1, r6 1
1488094645616, r1 1, r3 1, r2 1, r5 2, r4 1, r7 1, r6 1
1488094646643, r1 1, r3 1, r2 1, r5 2, r4 1, r7 1, r6 1
1488094647662, r1 1, r3 1, r2 1, r5 2, r4 1, r7 1, r6 1
1488094648682, r1 1, r3 1, r2 1, r5 2, r4 1, r7 1, r6 1
1488094649699, r1 1, r3 1, r2 1, r5 2, r4 1, r7 1, r6 1
1488094650716, r1 1, r3 1, r2 1, r5 2, r4 1, r7 1, r6 1
1488094651736, r1 1, r3 1, r2 1, r5 2, r4 1, r7 1, r6 1
1488094652757, r1 1, r3 1, r2 1, r5 2, r4 1, r7 1, r6 1
1488094653777, r1 1, r3 1, r2 1, r5 2, r4 1, r7 1, r6 1
1488094654795, r1 1, r3 1, r2 1, r5 2, r4 1, r7 1, r6 1
1488094655815, r1 1, r3 1, r2 1, r5 2, r4 1, r7 1, r6 1
1488094656833, r1 1, r3 1, r2 1, r5 2, r4 1, r7 1, r6 1
1488094657850, r1 1, r3 1, r2 1, r5 2, r4 1, r7 1, r6 1
1488094658870, r1 1, r3 1, r2 1, r5 2, r4 1, r7 1, r6 1
1488094659890, r1 1, r3 1, r2 1, r5 2, r4 1, r7 1, r6 1
1488094660909, r1 1, r3 1, r2 1, r5 2, r4 1, r7 1, r6 1
1488094661926, r1 1, r3 1, r2 1, r5 2, r4 1, r7 1, r6 1
1488094662943, r1 1, r3 1, r2 1, r5 2, r4 1, r7 1, r6 1
1488094663964, r1 1, r3 1, r2 1, r5 2, r4 1, r7 1, r6 1
1488094664996, r1 1, r3 1, r2 1, r5 2, r4 1, r7 1, r6 1
1488094666026, r1 1, r3 1, r2 1, r5 2, r4 1, r7 1, r6 1
1488094667058, r1 1, r3 1, r2 1, r5 2, r4 1, r7 1, r6 1
1488094668087, r1 1, r3 1, r2 1, r5 2, r4 1, r7 1, r6 1
1488094669102, r1 1, r3 1, r2 1, r5 2, r4 1, r7 1, r6 1
1488094670120, r1 1, r3 1, r2 1, r5 2, r4 1, r7 1, r6 1
1488094671141, r1 1, r3 1, r2 1, r5 2, r4 1, r7 1, r6 1
1488094672163, r1 1, r3 1, r2 1, r5 2, r4 1, r7 1, r6 1
1488094673184, r1 1, r3 1, r2 1, r5 2, r4 1, r7 1, r6 1
1488094674205, r1 1, r3 1, r2 1, r5 2, r4 1, r7 1, r6 1
1488094675225, r1 1, r3 1, r2 1, r5 2, r4 1, r7 1, r6 1
1488094676244, r1 1, r3 1, r2 1, r5 2, r4 1, r7 1, r6 1
1488094677265, r1 1, r3 1, r2 1, r5 2, r4 1, r7 1, r6 1
1488094678285, r1 1, r3 1, r2 1, r5 2, r4 1, r7 1, r6 1
1488094679305, r1 1, r3 1, r2 1, r5 2, r4 1, r7 1, r6 1
1488094680323, r1 1, r3 1, r2 1, r5 2, r4 1, r7 1, r6 1
1488094681342, r1 1, r3 1, r2 1, r5 2, r4 1, r7 1, r6 1
1488094682364, r1 1, r3 1, r2 1, r5 2, r4 1, r7 1, r6 1
1488094683382, r1 1, r3 1, r2 1, r5 2, r4 1, r7 1, r6 1
1488094684401, r1 1, r3 1, r2 1, r5 2, r4 1, r7 1, r6 1
1488094685421, r1 1, r3 1, r2 1, r5 2, r4 1, r7 1, r6 1
1488094686443, r1 1, r3 1, r2 1, r5 2, r4 1, r7 1, r6 1
1488094687473, r1 1, r3 1, r2 1, r5 2, r4 1, r7 1, r6 1
1488094688506, r1 1, r3 1, r2 1, r5 2, r4 1, r7 1, r6 1
1488094689543, r1 1, r3 1, r2 1, r5 2, r4 1, r7 1, r6 1
1488094690579, r1 1, r3 1, r2 1, r5 2, r4 1, r7 1, r6 1
1488094691601, r1 1, r3 1, r2 1, r5 2, r4 1, r7 1, r6 1
1488094692620, r1 1, r3 1, r2 1, r5 2, r4 1, r7 1, r6 1
1488094693639, r1 1, r3 1, r2 1, r5 2, r4 1, r7 1, r6 1
1488094694659, r1 1, r3 1, r2 1, r5 2, r4 1, r7 1, r6 1
1488094695681, r1 1, r3 1, r2 1, r5 2, r4 1, r7 1, r6 1
1488094696713, r1 1, r3 1, r2 1, r5 2, r4 1, r7 1, r6 1
1488094697742, r1 1, r3 1, r2 1, r5 2, r4 1, r7 1, r6 1
1488094698763, r1 1, r3 1, r2 1, r5 2, r4 1, r7 1, r6 1
1488094699783, r1 1, r3 1, r2 1, r5 2, r4 1, r7 1, r6 1
1488094700799, r1 1, r3 1, r2 1, r5 2, r4 1, r7 1, r6 1
1488094701818, r1 1, r3 1, r2 1, r5 2, r4 1, r7 1, r6 1
1488094702838, r1 1, r3 1, r2 1, r5 2, r4 1, r7 1, r6 1
1488094703857, r1 1, r3 1, r2 1, r5 2, r4 1, r7 1, r6 1
1488094704877, r1 1, r3 1, r2 1, r5 2, r4 1, r7 1, r6 1
1488094705898, r1 1, r3 1, r2 1, r5 2, r4 1, r7 1, r6 1
1488094706915, r1 1, r3 1, r2 1, r5 2, r4 1, r7 1, r6 1
1488094707934, r1 1, r3 1, r2 1, r5 2, r4 1, r7 1, r6 1
1488094708956, r1 1, r3 1, r2 1, r5 2, r4 1, r7 1, r6 1
1488094709976, r1 1, r3 1, r2 1, r5 2, r4 1, r7 1, r6 1
1488094710997, r1 1, r3 1, r2 1, r5 2, r4 1, r7 1, r6 1
1488094712017, r1 1, r3 1, r2 1, r5 2, r4 1, r7 1, r6 1
1488094713036, r1 1, r3 1, r2 1, r5 2, r4 1, r7 1, r6 1
1488094714061, r1 1, r3 1, r2 1, r5 2, r4 1, r7 1, r6 1
1488094715094, r1 1, r3 1, r2 1, r5 2, r4 1, r7 1, r6 1
1488094716123, r1 1, r3 1, r2 1, r5 2, r4 1, r7 1, r6 1
1488094717152, r1 1, r3 1, r2 1, r5 2, r4 1, r7 1, r6 1
1488094718182, r1 1, r3 1, r2 1, r5 2, r4 1, r7 1, r6 1
1488094719210, r1 1, r3 1, r2 1, r5 2, r4 1, r7 1, r6 1
1488094720237, r1 1, r3 1, r2 1, r5 2, r4 1, r7 1, r6 1
1488094721268, r1 1, r3 1, r2 1, r5 2, r4 1, r7 1, r6 1
1488094722300, r1 1, r3 1, r2 1, r5 2, r4 1, r7 1, r6 1
1488094723332, r1 1, r3 1, r2 1, r5 2, r4 1, r7 1, r6 1
1488094724362, r1 1, r3 1, r2 1, r5 2, r4 1, r7 1, r6 1
1488094725396, r1 1, r3 1, r2 1, r5 2, r4 1, r7 1, r6 1
1488094726432, r1 1, r3 1, r2 1, r5 2, r4 1, r7 1, r6 1
1488094727456, r1 1, r3 1, r2 1, r5 2, r4 1, r7 1, r6 1
1488094728476, r1 1, r3 1, r2 1, r5 2, r4 1, r7 1, r6 1
1488094729496, r1 1, r3 1, r2 1, r5 2, r4 1, r7 1, r6 1
1488094730514, r1 1, r3 1, r2 1, r5 2, r4 1, r7 1, r6 1
1488094731531, r1 1, r3 1, r2 1, r5 2, r4 1, r7 1, r6 1
1488094732557, r1 1, r3 1, r2 1, r5 2, r4 1, r7 1, r6 1
1488094733583, r1 1, r3 1, r2 1, r5 2, r4 1, r7 1, r6 1
1488094734602, r1 1, r3 1, r2 1, r5 2, r4 1, r7 1, r6 1
1488094735622, r1 1, r3 1, r2 1, r5 2, r4 1, r7 1, r6 1
1488094736642, r1 1, r3 1, r2 1, r5 2, r4 1, r7 1, r6 1
1488094737659, r1 1, r3 1, r2 1, r5 2, r4 1, r7 1, r6 1
1488094738678, r1 1, r3 1, r2 1, r5 2, r4 1, r7 1, r6 1
1488094739700, r1 1, r3 1, r2 1, r5 2, r4 1, r7 1, r6 1
1488094740718, r1 1, r3 1, r2 1, r5 2, r4 1, r7 1, r6 1
1488094741738, r1 1, r3 1, r2 1, r5 2, r4 1, r7 1, r6 1
1488094742759, r1 1, r3 1, r2 1, r5 2, r4 1, r7 1, r6 1
1488094743819, r1 1, r3 1, r2 1, r5 2, r4 1, r7 1, r6 1
1488094744879, r1 1, r3 1, r2 1, r5 2, r4 1, r7 1, r6 1
1488094745900, r1 1, r3 1, r2 1, r5 2, r4 1, r7 1, r6 1
1488094746921, r1 1, r3 1, r2 1, r5 2, r4 1, r7 1, r6 1
1488094747940, r1 1, r3 1, r2 1, r5 2, r4 1, r7 1, r6 1
1488094748968, r1 1, r3 1, r2 1, r5 2, r4 1, r7 1, r6 1
1488094749997, r1 1, r3 1, r2 1, r5 2, r4 1, r7 1, r6 1
1488094751017, r1 1, r3 1, r2 1, r5 2, r4 1, r7 1, r6 1
1488094752038, r1 1, r3 1, r2 1, r5 2, r4 1, r7 1, r6 1
1488094753058, r1 1, r3 1, r2 1, r5 2, r4 1, r7 1, r6 1
1488094754080, r1 1, r3 1, r2 1, r5 2, r4 1, r7 1, r6 1
1488094755102, r1 1, r3 1, r2 1, r5 2, r4 1, r7 1, r6 1
1488094756125, r1 1, r3 1, r2 1, r5 2, r4 1, r7 1, r6 1
1488094757151, r1 1, r3 1, r2 1, r5 2, r4 1, r7 1, r6 1
1488094758172, r1 1, r3 1, r2 1, r5 2, r4 1, r7 1, r6 1
1488094759190, r1 1, r3 1, r2 1, r5 2, r4 1, r7 1, r6 1
1488094760209, r1 1, r3 1, r2 1, r5 2, r4 1, r7 1, r6 1
1488094761229, r1 1, r3 1, r2 1, r5 2, r4 1, r7 1, r6 1
1488094762249, r1 1, r3 1, r2 1, r5 2, r4 1, r7 1, r6 1
1488094763269, r1 1, r3 1, r2 1, r5 2, r4 1, r7 1, r6 1
1488094764289, r1 1, r3 1, r2 1, r5 2, r4 1, r7 1, r6 1
1488094765308, r1 1, r3 1, r2 1, r5 2, r4 1, r7 1, r6 1
1488094766338, r1 1, r3 1, r2 1, r5 2, r4 1, r7 1, r6 1
1488094767372, r1 1, r3 1, r2 1, r5 2, r4 1, r7 1, r6 1
1488094768394, r1 1, r3 1, r2 1, r5 2, r4 1, r7 1, r6 1
1488094769414, r1 1, r3 1, r2 1, r5 2, r4 1, r7 1, r6 1
1488094770433, r1 1, r3 1, r2 1, r5 2, r4 1, r7 1, r6 1
1488094771453, r1 1, r3 1, r2 1, r5 2, r4 1, r7 1, r6 1
1488094772473, r1 1, r3 1, r2 1, r5 2, r4 1, r7 1, r6 1
1488094773495, r1 1, r3 1, r2 1, r5 2, r4 1, r7 1, r6 1
1488094774525, r1 1, r3 1, r2 1, r5 2, r4 1, r7 1, r6 1
1488094775563, r1 1, r3 1, r2 1, r5 2, r4 1, r7 1, r6 1
1488094776600, r1 1, r3 1, r2 1, r5 2, r4 1, r7 1, r6 1
1488094777630, r1 1, r3 1, r2 1, r5 2, r4 1, r7 1, r6 1
1488094778651, r1 1, r3 1, r2 1, r5 2, r4 1, r7 1, r6 1
1488094779672, r1 1, r3 1, r2 1, r5 2, r4 1, r7 1, r6 1
1488094780692, r1 1, r3 1, r2 1, r5 2, r4 1, r7 1, r6 1
1488094781718, r1 1, r3 1, r2 1, r5 2, r4 1, r7 1, r6 1
1488094782745, r1 1, r3 1, r2 1, r5 2, r4 1, r7 1, r6 1
1488094783776, r1 1, r3 1, r2 1, r5 2, r4 1, r7 1, r6 1
1488094784807, r1 1, r3 1, r2 1, r5 2, r4 1, r7 1, r6 1
1488094785829, r1 1, r3 1, r2 1, r5 2, r4 1, r7 1, r6 1
1488094786848, r1 1, r3 1, r2 1, r5 2, r4 1, r7 1, r6 1
1488094787868, r1 1, r3 1, r2 1, r5 2, r4 1, r7 1, r6 1
1488094788885, r1 1, r3 1, r2 1, r5 2, r4 1, r7 1, r6 1
1488094789900, r1 1, r3 1, r2 1, r5 2, r4 1, r7 1, r6 1
1488094790918, r1 1, r3 1, r2 1, r5 2, r4 1, r7 1, r6 1
1488094791937, r1 1, r3 1, r2 1, r5 2, r4 1, r7 1, r6 1
1488094792957, r1 1, r3 1, r2 1, r5 2, r4 1, r7 1, r6 1
1488094793976, r1 1, r3 1, r2 1, r5 2, r4 1, r7 1, r6 1
1488094795002, r1 1, r3 1, r2 1, r5 2, r4 1, r7 1, r6 1
1488094796027, r1 1, r3 1, r2 1, r5 2, r4 1, r7 1, r6 1
1488094797046, r1 1, r3 1, r2 1, r5 2, r4 1, r7 1, r6 1
1488094798068, r1 1, r3 1, r2 1, r5 2, r4 1, r7 1, r6 1
1488094799090, r1 1, r3 1, r2 1, r5 2, r4 1, r7 1, r6 1
1488094800112, r1 1, r3 1, r2 1, r5 2, r4 1, r7 1, r6 1
1488094801130, r1 1, r3 1, r2 1, r5 2, r4 1, r7 1, r6 1
1488094802148, r1 1, r3 1, r2 1, r5 2, r4 1, r7 1, r6 1
1488094803181, r1 1, r3 1, r2 1, r5 2, r4 1, r7 1, r6 1
1488094804223, r1 1, r3 1, r2 1, r5 2, r4 1, r7 1, r6 1
1488094805249, r1 1, r3 1, r2 1, r5 2, r4 1, r7 1, r6 1
1488094806266, r1 1, r3 1, r2 1, r5 2, r4 1, r7 1, r6 1
1488094807284, r1 1, r3 1, r2 1, r5 2, r4 1, r7 1, r6 1
1488094808303, r1 1, r3 1, r2 1, r5 2, r4 1, r7 1, r6 1
1488094809333, r1 1, r3 1, r2 1, r5 2, r4 1, r7 1, r6 1
1488094810375, r1 1, r3 1, r2 1, r5 2, r4 1, r7 1, r6 1
1488094811416, r1 1, r3 1, r2 1, r5 2, r4 1, r7 1, r6 1
1488094812445, r1 1, r3 1, r2 1, r5 2, r4 1, r7 1, r6 1
1488094813479, r1 1, r3 1, r2 1, r5 2, r4 1, r7 1, r6 1
1488094814514, r1 1, r3 1, r2 1, r5 2, r4 1, r7 1, r6 1
1488094815540, r1 1, r3 1, r2 1, r5 2, r4 1, r7 1, r6 1
1488094816567, r1 1, r3 1, r2 1, r5 2, r4 1, r7 1, r6 1
1488094817587, r1 1, r3 1, r2 1, r5 2, r4 1, r7 1, r6 1
1488094818609, r1 1, r3 1, r2 1, r5 2, r4 1, r7 1, r6 1
1488094819628, r1 1, r3 1, r2 1, r5 2, r4 1, r7 1, r6 1
1488094820644, r1 1, r3 1, r2 1, r5 2, r4 1, r7 1, r6 1
1488094821671, r1 1, r3 1, r2 1, r5 2, r4 1, r7 1, r6 1
1488094822699, r1 1, r3 1, r2 1, r5 2, r4 1, r7 1, r6 1
1488094823719, r1 1, r3 1, r2 1, r5 2, r4 1, r7 1, r6 1
1488094824737, r1 1, r3 1, r2 1, r5 2, r4 1, r7 1, r6 1
1488094825755, r1 1, r3 1, r2 1, r5 2, r4 1, r7 1, r6 1
1488094826774, r1 1, r3 1, r2 1, r5 2, r4 1, r7 1, r6 1
1488094827793, r1 1, r3 1, r2 1, r5 2, r4 1, r7 1, r6 1
1488094828811, r1 1, r3 1, r2 1, r5 2, r4 1, r7 1, r6 1
1488094829828, r1 1, r3 1, r2 1, r5 2, r4 1, r7 1, r6 1
1488094830850, r1 1, r3 1, r2 1, r5 2, r4 1, r7 1, r6 1
1488094831871, r1 1, r3 1, r2 1, r5 2, r4 1, r7 1, r6 1
1488094832891, r1 1, r3 1, r2 1, r5 2, r4 1, r7 1, r6 1
1488094833912, r1 1, r3 1, r2 1, r5 2, r4 1, r7 1, r6 1
1488094834933, r1 1, r3 1, r2 1, r5 2, r4 1, r7 1, r6 1
1488094835953, r1 1, r3 1, r2 1, r5 2, r4 1, r7 1, r6 1
1488094836972, r1 1, r3 1, r2 1, r5 2, r4 1, r7 1, r6 1
1488094837993, r1 1, r3 1, r2 1, r5 2, r4 1, r7 1, r6 1
1488094839020, r1 1, r3 1, r2 1, r5 2, r4 1, r7 1, r6 1
1488094840044, r1 1, r3 1, r2 1, r5 2, r4 1, r7 1, r6 1
1488094841062, r1 1, r3 1, r2 1, r5 2, r4 1, r7 1, r6 1
1488094842081, r1 1, r3 1, r2 1, r5 2, r4 1, r7 1, r6 1
1488094843100, r1 1, r3 1, r2 1, r5 2, r4 1, r7 1, r6 1
1488094844120, r1 1, r3 1, r2 1, r5 2, r4 1, r7 1, r6 1
1488094845148, r1 1, r3 1, r2 1, r5 2, r4 1, r7 1, r6 1
1488094846177, r1 1, r3 1, r2 1, r5 2, r4 1, r7 1, r6 1
1488094847197, r1 1, r3 1, r2 1, r5 2, r4 1, r7 1, r6 1
1488094848214, r1 1, r3 1, r2 1, r5 2, r4 1, r7 1, r6 1
1488094849230, r1 1, r3 1, r2 1, r5 2, r4 1, r7 1, r6 1
1488094850250, r1 1, r3 1, r2 1, r5 2, r4 1, r7 1, r6 1
1488094851271, r1 1, r3 1, r2 1, r5 2, r4 1, r7 1, r6 1
1488094852293, r1 1, r3 1, r2 1, r5 2, r4 1, r7 1, r6 1
1488094853314, r1 1, r3 1, r2 1, r5 2, r4 1, r7 1, r6 1
1488094854335, r1 1, r3 1, r2 1, r5 2, r4 1, r7 1, r6 1
1488094855356, r1 1, r3 1, r2 1, r5 2, r4 1, r7 1, r6 1
1488094856377, r1 1, r3 1, r2 1, r5 2, r4 1, r7 1, r6 1
1488094857397, r1 1, r3 1, r2 1, r5 2, r4 1, r7 1, r6 1
1488094858424, r1 1, r3 1, r2 1, r5 2, r4 1, r7 1, r6 1
1488094859451, r1 1, r3 1, r2 1, r5 2, r4 1, r7 1, r6 1
1488094860470, r1 1, r3 1, r2 1, r5 2, r4 1, r7 1, r6 1
1488094861550, r1 1, r3 1, r2 1, r5 2, r4 1, r7 1, r6 1
1488094862633, r1 1, r3 1, r2 1, r5 2, r4 1, r7 1, r6 1
1488094863656, r1 1, r3 1, r2 1, r5 2, r4 1, r7 1, r6 1
1488094864679, r1 1, r3 1, r2 1, r5 2, r4 1, r7 1, r6 1
1488094865712, r1 1, r3 1, r2 1, r5 2, r4 1, r7 1, r6 1
1488094866744, r1 1, r3 1, r2 1, r5 2, r4 1, r7 1, r6 1
1488094867767, r1 1, r3 1, r2 1, r5 2, r4 1, r7 1, r6 1
1488094868789, r1 1, r3 1, r2 1, r5 2, r4 1, r7 1, r6 1
1488094869809, r1 1, r3 1, r2 1, r5 2, r4 1, r7 1, r6 1
1488094870836, r1 1, r3 1, r2 1, r5 2, r4 1, r7 1, r6 1
1488094871862, r1 1, r3 1, r2 1, r5 2, r4 1, r7 1, r6 1
1488094872883, r1 1, r3 1, r2 1, r5 2, r4 1, r7 1, r6 1
1488094873906, r1 1, r3 1, r2 1, r5 2, r4 1, r7 1, r6 1
1488094874939, r1 1, r3 1, r2 1, r5 2, r4 1, r7 1, r6 1
1488094875971, r1 1, r3 1, r2 1, r5 2, r4 1, r7 1, r6 1
1488094876989, r1 1, r3 1, r2 1, r5 2, r4 1, r7 1, r6 1
1488094878007, r1 1, r3 1, r2 1, r5 2, r4 1, r7 1, r6 1
1488094879030, r1 1, r3 1, r2 1, r5 2, r4 1, r7 1, r6 1
1488094880052, r1 1, r3 1, r2 1, r5 2, r4 1, r7 1, r6 1
1488094881073, r1 1, r3 1, r2 1, r5 2, r4 1, r7 1, r6 1
1488094882093, r1 1, r3 1, r2 1, r5 2, r4 1, r7 1, r6 1
1488094883112, r1 1, r3 1, r2 1, r5 2, r4 1, r7 1, r6 1
1488094884132, r1 1, r3 1, r2 1, r5 2, r4 1, r7 1, r6 1
1488094885161, r1 1, r3 1, r2 1, r5 2, r4 1, r7 1, r6 1
1488094886188, r1 1, r3 1, r2 1, r5 2, r4 1, r7 1, r6 1
1488094887207, r1 1, r3 1, r2 1, r5 2, r4 1, r7 1, r6 1
1488094888225, r1 1, r3 1, r2 1, r5 2, r4 1, r7 1, r6 1
1488094889245, r1 1, r3 1, r2 1, r5 2, r4 1, r7 1, r6 1
1488094890264, r1 1, r3 1, r2 1, r5 2, r4 1, r7 1, r6 1
1488094891321, r1 1, r3 1, r2 1, r5 2, r4 1, r7 1, r6 1
1488094892384, r1 1, r3 1, r2 1, r5 2, r4 1, r7 1, r6 1
1488094893412, r1 1, r3 1, r2 1, r5 2, r4 1, r7 1, r6 1
1488094894437, r1 1, r3 1, r2 1, r5 2, r4 1, r7 1, r6 1
1488094895463, r1 1, r3 1, r2 1, r5 2, r4 1, r7 1, r6 1
1488094896485, r1 1, r3 1, r2 1, r5 2, r4 1, r7 1, r6 1
1488094897507, r1 1, r3 1, r2 1, r5 2, r4 1, r7 1, r6 1
1488094898544, r1 1, r3 1, r2 1, r5 2, r4 1, r7 1, r6 1
1488094899582, r1 1, r3 1, r2 1, r5 2, r4 1, r7 1, r6 1
1488094900607, r1 1, r3 1, r2 1, r5 2, r4 1, r7 1, r6 1
1488094901630, r1 1, r3 1, r2 1, r5 2, r4 1, r7 1, r6 1
1488094902650, r1 1, r3 1, r2 1, r5 2, r4 1, r7 1, r6 1
1488094903670, r1 1, r3 1, r2 1, r5 2, r4 1, r7 1, r6 1
1488094904689, r1 1, r3 1, r2 1, r5 2, r4 1, r7 1, r6 1
1488094905709, r1 1, r3 1, r2 1, r5 2, r4 1, r7 1, r6 1
1488094906738, r1 1, r3 1, r2 1, r5 2, r4 1, r7 1, r6 1
1488094907765, r1 1, r3 1, r2 1, r5 2, r4 1, r7 1, r6 1
1488094908782, r1 1, r3 1, r2 1, r5 2, r4 1, r7 1, r6 1
1488094909801, r1 1, r3 1, r2 1, r5 2, r4 1, r7 1, r6 1
1488094910821, r1 1, r3 1, r2 1, r5 2, r4 1, r7 1, r6 1
1488094911840, r1 1, r3 1, r2 1, r5 2, r4 1, r7 1, r6 1
1488094912860, r1 1, r3 1, r2 1, r5 2, r4 1, r7 1, r6 1
1488094913878, r1 1, r3 1, r2 1, r5 2, r4 1, r7 1, r6 1
1488094914897, r1 1, r3 1, r2 1, r5 2, r4 1, r7 1, r6 1
1488094915919, r1 1, r3 1, r2 1, r5 2, r4 1, r7 1, r6 1
1488094916940, r1 1, r3 1, r2 1, r5 2, r4 1, r7 1, r6 1
1488094917961, r1 1, r3 1, r2 1, r5 2, r4 1, r7 1, r6 1
1488094918980, r1 1, r3 1, r2 1, r5 2, r4 1, r7 1, r6 1
1488094919999, r1 1, r3 1, r2 1, r5 2, r4 1, r7 1, r6 1
1488094921020, r1 1, r3 1, r2 1, r5 2, r4 1, r7 1, r6 1
1488094922050, r1 1, r3 1, r2 1, r5 2, r4 1, r7 1, r6 1
1488094923080, r1 1, r3 1, r2 1, r5 2, r4 1, r7 1, r6 1
1488094924101, r1 1, r3 1, r2 1, r5 2, r4 1, r7 1, r6 1
1488094925122, r1 1, r3 1, r2 1, r5 2, r4 1, r7 1, r6 1
1488094926143, r1 1, r3 1, r2 1, r5 2, r4 1, r7 1, r6 1
1488094927165, r1 1, r3 1, r2 1, r5 2, r4 1, r7 1, r6 1
1488094928185, r1 1, r3 1, r2 1, r5 2, r4 1, r7 1, r6 1
1488094929204, r1 1, r3 1, r2 1, r5 2, r4 1, r7 1, r6 1
1488094930225, r1 1, r3 1, r2 1, r5 2, r4 1, r7 1, r6 1
1488094931247, r1 1, r3 1, r2 1, r5 2, r4 1, r7 1, r6 1
1488094932268, r1 1, r3 1, r2 1, r5 2, r4 1, r7 1, r6 1
1488094933286, r1 1, r3 1, r2 1, r5 2, r4 1, r7 1, r6 1
1488094934306, r1 1, r3 1, r2 1, r5 2, r4 1, r7 1, r6 1
1488094935332, r1 1, r3 1, r2 1, r5 2, r4 1, r7 1, r6 1
1488094936362, r1 1, r3 1, r2 1, r5 2, r4 1, r7 1, r6 1
1488094937386, r1 1, r3 1, r2 1, r5 2, r4 1, r7 1, r6 1
1488094938408, r1 1, r3 1, r2 1, r5 2, r4 1, r7 1, r6 1
1488094939428, r1 1, r3 1, r2 1, r5 2, r4 1, r7 1, r6 1
1488094940448, r1 1, r3 1, r2 1, r5 2, r4 1, r7 1, r6 1
1488094941469, r1 1, r3 1, r2 1, r5 2, r4 1, r7 1, r6 1
1488094942486, r1 1, r3 1, r2 1, r5 2, r4 1, r7 1, r6 1
1488094943503, r1 1, r3 1, r2 1, r5 2, r4 1, r7 1, r6 1
1488094944524, r1 1, r3 1, r2 1, r5 2, r4 1, r7 1, r6 1
1488094945546, r1 1, r3 1, r2 1, r5 2, r4 1, r7 1, r6 1
1488094946565, r1 1, r3 1, r2 1, r5 2, r4 1, r7 1, r6 1
1488094947584, r1 1, r3 1, r2 1, r5 2, r4 1, r7 1, r6 1
1488094948605, r1 1, r3 1, r2 1, r5 2, r4 1, r7 1, r6 1
1488094949626, r1 1, r3 1, r2 1, r5 2, r4 1, r7 1, r6 1
1488094950646, r1 1, r3 1, r2 1, r5 2, r4 1, r7 1, r6 1
1488094951668, r1 1, r3 1, r2 1, r5 2, r4 1, r7 1, r6 1
1488094952697, r1 1, r3 1, r2 1, r5 2, r4 1, r7 1, r6 1
1488094953736, r1 1, r3 1, r2 1, r5 2, r4 1, r7 1, r6 1
1488094954767, r1 1, r3 1, r2 1, r5 2, r4 1, r7 1, r6 1
1488094955789, r1 1, r3 1, r2 1, r5 2, r4 1, r7 1, r6 1
1488094956815, r1 1, r3 1, r2 1, r5 2, r4 1, r7 1, r6 1
1488094957846, r1 1, r3 1, r2 1, r5 2, r4 1, r7 1, r6 1
1488094958872, r1 1, r3 1, r2 1, r5 2, r4 1, r7 1, r6 1
1488094959892, r1 1, r3 1, r2 1, r5 2, r4 1, r7 1, r6 1
1488094960915, r1 1, r3 1, r2 1, r5 2, r4 1, r7 1, r6 1
1488094961940, r1 1, r3 1, r2 1, r5 2, r4 1, r7 1, r6 1
1488094962964, r1 1, r3 1, r2 1, r5 2, r4 1, r7 1, r6 1
1488094963985, r1 1, r3 1, r2 1, r5 2, r4 1, r7 1, r6 1
1488094965002, r1 1, r3 1, r2 1, r5 2, r4 1, r7 1, r6 1
1488094966021, r1 1, r3 1, r2 1, r5 2, r4 1, r7 1, r6 1
1488094967040, r1 1, r3 1, r2 1, r5 2, r4 1, r7 1, r6 1
1488094968058, r1 1, r3 1, r2 1, r5 2, r4 1, r7 1, r6 1
1488094969080, r1 1, r3 1, r2 1, r5 2, r4 1, r7 1, r6 1
1488094970100, r1 1, r3 1, r2 1, r5 2, r4 1, r7 1, r6 1
1488094971121, r1 1, r3 1, r2 1, r5 2, r4 1, r7 1, r6 1
1488094972147, r1 1, r3 1, r2 1, r5 2, r4 1, r7 1, r6 1
1488094973172, r1 1, r3 1, r2 1, r5 2, r4 1, r7 1, r6 1
1488094974193, r1 1, r3 1, r2 1, r5 2, r4 1, r7 1, r6 1
1488094975213, r1 1, r3 1, r2 1, r5 2, r4 1, r7 1, r6 1
1488094976230, r1 1, r3 1, r2 1, r5 2, r4 1, r7 1, r6 1
1488094977247, r1 1, r3 1, r2 1, r5 2, r4 1, r7 1, r6 1
1488094978265, r1 1, r3 1, r2 1, r5 2, r4 1, r7 1, r6 1
1488094979300, r1 1, r3 1, r2 1, r5 2, r4 1, r7 1, r6 1
1488094980333, r1 1, r3 1, r2 1, r5 2, r4 1, r7 1, r6 1
1488094981353, r1 1, r3 1, r2 1, r5 2, r4 1, r7 1, r6 1
1488094982374, r1 1, r3 1, r2 1, r5 2, r4 1, r7 1, r6 1
1488094983395, r1 1, r3 1, r2 1, r5 2, r4 1, r7 1, r6 1
1488094984416, r1 1, r3 1, r2 1, r5 2, r4 1, r7 1, r6 1
1488094985437, r1 1, r3 1, r2 1, r5 2, r4 1, r7 1, r6 1
1488094986460, r1 1, r3 1, r2 1, r5 2, r4 1, r7 1, r6 1
1488094987494, r1 1, r3 1, r2 1, r5 2, r4 1, r7 1, r6 1
1488094988524, r1 1, r3 1, r2 1, r5 2, r4 1, r7 1, r6 1
1488094989551, r1 1, r3 1, r2 1, r5 2, r4 1, r7 1, r6 1
1488094990581, r1 1, r3 1, r2 1, r5 2, r4 1, r7 1, r6 1
1488094991603, r1 1, r3 1, r2 1, r5 2, r4 1, r7 1, r6 1
1488094992625, r1 1, r3 1, r2 1, r5 2, r4 1, r7 1, r6 1
1488094993645, r1 1, r3 1, r2 1, r5 2, r4 1, r7 1, r6 1
1488094994664, r1 1, r3 1, r2 1, r5 2, r4 1, r7 1, r6 1
1488094995681, r1 1, r3 1, r2 1, r5 2, r4 1, r7 1, r6 1
1488094996700, r1 1, r3 1, r2 1, r5 2, r4 1, r7 1, r6 1
1488094997722, r1 1, r3 1, r2 1, r5 2, r4 1, r7 1, r6 1
1488094998743, r1 1, r3 1, r2 1, r5 2, r4 1, r7 1, r6 1
1488094999764, r1 1, r3 1, r2 1, r5 2, r4 1, r7 1, r6 1
1488095000785, r1 1, r3 1, r2 1, r5 2, r4 1, r7 1, r6 1
1488095001805, r1 1, r3 1, r2 1, r5 2, r4 1, r7 1, r6 1
1488095002822, r1 1, r3 1, r2 1, r5 2, r4 1, r7 1, r6 1
1488095003841, r1 1, r3 1, r2 1, r5 2, r4 1, r7 1, r6 1
1488095004863, r1 1, r3 1, r2 1, r5 2, r4 1, r7 1, r6 1
1488095005884, r1 1, r3 1, r2 1, r5 2, r4 1, r7 1, r6 1
1488095006905, r1 1, r3 1, r2 1, r5 2, r4 1, r7 1, r6 1
1488095007924, r1 1, r3 1, r2 1, r5 2, r4 1, r7 1, r6 1
1488095008945, r1 1, r3 1, r2 1, r5 2, r4 1, r7 1, r6 1
1488095009975, r1 1, r3 1, r2 1, r5 2, r4 1, r7 1, r6 1
1488095011005, r1 1, r3 1, r2 1, r5 2, r4 1, r7 1, r6 1
1488095012027, r1 1, r3 1, r2 1, r5 2, r4 1, r7 1, r6 1
1488095013048, r1 1, r3 1, r2 1, r5 2, r4 1, r7 1, r6 1
1488095014068, r1 1, r3 1, r2 1, r5 2, r4 1, r7 1, r6 1
1488095015089, r1 1, r3 1, r2 1, r5 2, r4 1, r7 1, r6 1
1488095016110, r1 1, r3 1, r2 1, r5 2, r4 1, r7 1, r6 1
1488095017130, r1 1, r3 1, r2 1, r5 2, r4 1, r7 1, r6 1
1488095018151, r1 1, r3 1, r2 1, r5 2, r4 1, r7 1, r6 1
1488095019173, r1 1, r3 1, r2 1, r5 2, r4 1, r7 1, r6 1
1488095020195, r1 1, r3 1, r2 1, r5 2, r4 1, r7 1, r6 1
1488095021222, r1 1, r3 1, r2 1, r5 2, r4 1, r7 1, r6 1
1488095022247, r1 1, r3 1, r2 1, r5 2, r4 1, r7 1, r6 1
1488095023269, r1 1, r3 1, r2 1, r5 2, r4 1, r7 1, r6 1
1488095024291, r1 1, r3 1, r2 1, r5 2, r4 1, r7 1, r6 1
1488095025308, r1 1, r3 1, r2 1, r5 2, r4 1, r7 1, r6 1
1488095026324, r1 1, r3 1, r2 1, r5 2, r4 1, r7 1, r6 1
1488095027343, r1 1, r3 1, r2 1, r5 2, r4 1, r7 1, r6 1
1488095028362, r1 1, r3 1, r2 1, r5 2, r4 1, r7 1, r6 1
1488095029381, r1 1, r3 1, r2 1, r5 2, r4 1, r7 1, r6 1
1488095030401, r1 1, r3 1, r2 1, r5 2, r4 1, r7 1, r6 1
1488095031421, r1 1, r3 1, r2 1, r5 2, r4 1, r7 1, r6 1
1488095032442, r1 1, r3 1, r2 1, r5 2, r4 1, r7 1, r6 1
1488095033461, r1 1, r3 1, r2 1, r5 2, r4 1, r7 1, r6 1
1488095034481, r1 1, r3 1, r2 1, r5 2, r4 1, r7 1, r6 1
